Package_Type,Package_ID,Product_ID,Package_Name,Active_Subscriptions,Package_Form,Subscription_Model,Product_Fee_Code,Provincial_Fee_Code,Commodity_Code,Product_Code,Rights_Type,Original_Price,Sales_Price,Configuration_Method,Is_Settlement,Is_Atomic_Service_Settlement,Associated_Provincial_Contract,Platform,Fee_Level,Province,Payment_Method,Order_Direction,Is_Random,Partner_Platform,Benefits_Detail,Sub_Package_List,Parent_Package_List,Update_Time,Status,Operation
Consultation,PKG770487,PROD_665579,Basic_Silver_Package_763,0.0,Official,Monthly_Recurring,FEE333995652670,PFEE345790651066,-,CODE979090220563,Multi_Screen,9.81,8.35,Full_Package,No,No,,Other,,Province_M,Third_Party_Payment,Reverse_Order,Yes,Partner_D,1. Health records access | 2. AI health assistant | 3. Appointment booking | 4. Phone consultation service | 5. Medicine discount,-,-,2025-11-14 19:02:53,Active,
Monitoring,PKG216739,PROD_916449,Health_Plus_Package_943,0.0,Official,Monthly_Recurring,FEE_520521,PFEE_124813,-,CODE_523956,Multi_Screen,276.0,269.0,Full_Package,No,No,,Other,,Province_M,Third_Party_Payment,Reverse_Order,Yes,"Partner_C,Partner_A",1. Text consultation service | 2. AI health assistant | 3. Phone consultation service,-,-,2025-04-24 18:32:03,Active,
Consultation,PKG126225,PROD_656116,Premium_Plus_Package_409,1.0,Official,Single_Purchase,FEE161483,PFEE792094,-,CODE859359,Multi_Screen,4.46,4.23,Full_Package,No,No,,Product_Center,,National,Third_Party_Payment,Reverse_Order,Yes,"Partner_E,Partner_B,Partner_C",1. Text consultation service | 2. Appointment booking | 3. Health records access | 4. Video consultation service,-,-,2025-11-18 10:26:01,Active,
Consultation,PKG877572,PROD_100599,Family_Platinum_Package_219,74756.0,Official,Single_Purchase,FEE536926259225012360,PFEE6124453431,-,CODE715802625342585721,Multi_Screen,3.27,3.33,Full_Package,No,No,,Platform_A,一级计费点,Province_L,Phone_Bill_Family_App,Reverse_Order,Yes,"Partner_D,Partner_E,Partner_A",1. AI health assistant | 2. Health assessment | 3. Medicine discount | 4. Health records access,-,-,2025-10-20 17:26:40,Active,
Consultation,PKG388389,PROD_728038,Wellness_Gold_Package_138,1.0,Official,Single_Purchase,FEE389439657508,-,-,CODE750232365798,Multi_Screen,0.0,0.0,Full_Package,No,No,,Other,,Province_M,Phone_Bill_Business_Hall,Forward_Order,Yes,"Partner_D,Partner_C",1. Health records access | 2. Appointment booking | 3. AI health assistant | 4. Text consultation service | 5. Phone consultation service | 6. Health assessment,-,-,2024-04-19 22:36:22,Active,
Consultation,PKG5108603,PROD_439902,Care_Platinum_Package_218,0.0,Official,Monthly_Recurring,FEE962972824015,PFEE406352552364,-,CODE828273518134,Multi_Screen,4.63,5.73,Full_Package,No,No,,Other,,Province_M,Third_Party_Payment,Reverse_Order,Yes,"Partner_D,Partner_E,Partner_A",1. AI health assistant | 2. Health assessment | 3. Health records access,9001381,-,2025-04-23 16:47:10,Active,
Consultation,PKG334053,PROD_612340,Health_Silver_Package_650,766648.0,Official,Monthly_Recurring,FEE624588936698150093,PFEE4712367625,-,CODE196784828978964735,Small_Screen,0.0,0.0,Full_Package,No,No,,Platform_A,一级计费点,Province_C,Third_Party_Payment,Reverse_Order,No,,1. Medicine discount | 2. AI health assistant | 3. Video consultation service | 4. Text consultation service | 5. Health records access,900086,-,2024-05-24 22:19:24,Active,
Consultation,PKG3341057,PROD_120422,Wellness_Platinum_Package_564,559181.0,Official,Monthly_Recurring,FEE587694422449199090,PFEE6493800024,-,CODE594156880886316478,Small_Screen,3.29,3.39,Full_Package,No,No,,Platform_A,一级计费点,Province_M,Phone_Bill_Family_App,Reverse_Order,Yes,"Partner_D,Partner_B",1. AI health assistant | 2. Health assessment | 3. Video consultation service | 4. Health records access | 5. Text consultation service,-,-,2025-10-12 18:46:27,Active,
Monitoring,PKG872246,PROD_217301,Care_Plus_Package_860,0.0,Official,Monthly_Recurring,FEE_830429,PFEE_772642,-,CODE_242291,Multi_Screen,353.0,239.0,Full_Package,No,No,,Other,,Province_M,Phone_Bill_Family_App,Reverse_Order,Yes,"Partner_D,Partner_B,Partner_A",1. Phone consultation service | 2. Health records access | 3. Video consultation service | 4. Medicine discount | 5. Health assessment,-,-,2025-05-30 18:36:09,Active,
Consultation,PKG2719583,PROD_480612,Family_Standard_Package_529,296064.0,City,Monthly_Recurring,FEE_865990,PFEE_634150,-,CODE_584125,Multi_Screen,16.0,17.0,Full_Package,No,No,,Platform_A,二级计费点,Province_A,Provincial_Reverse_Order,Reverse_Order,No,"Partner_B,Partner_D",1. Video consultation service | 2. Health assessment | 3. Medicine discount | 4. Phone consultation service | 5. Text consultation service | 6. Appointment booking,"9001699,9001700,9001701,9001702,9001724,9001783",-,2025-09-27 14:48:28,Active,
Consultation,PKG2458591,PROD_972064,Basic_Plus_Package_844,118494.0,Official,Monthly_Recurring,FEE863085665046287668,PFEE7597996327,-,CODE157974233846106913,Multi_Screen,8.77,9.85,Full_Package,No,No,,Platform_A,一级计费点,Province_C,Phone_Bill_Business_Hall,Forward_Order,No,Partner_E,1. Text consultation service | 2. Video consultation service | 3. Health assessment | 4. Appointment booking | 5. AI health assistant | 6. Health records access,-,-,2025-06-04 09:59:34,Active,
Consultation,PKG8078673,PROD_945964,Wellness_Platinum_Package_770,106813.0,City,Monthly_Recurring,FEE_853305,PFEE_128941,-,CODE_372793,Multi_Screen,16.0,12.0,Full_Package,No,No,,Platform_A,二级计费点,Province_A,Provincial_Reverse_Order,Reverse_Order,No,"Partner_D,Partner_B",1. Text consultation service | 2. Video consultation service | 3. Phone consultation service,"9001695,9001696,9001697,9001723,9001694,9001784",-,2025-10-20 14:48:28,Active,
Consultation,PKG1533224,PROD_422451,Health_Platinum_Package_730,52363.0,Official,Monthly_Recurring,FEE278468593457332089,PFEE9462806178,-,CODE477411929117619059,Multi_Screen,2.73,3.02,Full_Package,No,No,,Platform_A,一级计费点,Province_I,Phone_Bill_Business_Hall,Forward_Order,Yes,"Partner_B,Partner_C",1. AI health assistant | 2. Health assessment | 3. Medicine discount | 4. Health records access | 5. Phone consultation service | 6. Appointment booking | 7. Text consultation service | 8. Video consultation service,9001568,-,2025-10-20 18:59:49,Active,
Monitoring,PKG1499914,PROD_351083,Premium_Bronze_Package_133,711.0,Official,Monthly_Recurring,FEE422938152332,-,-,CODE599125280348,Multi_Screen,10.0,10.0,Full_Package,No,No,,Other,,Province_M,Third_Party_Payment,Reverse_Order,No,Partner_C,1. Appointment booking | 2. AI health assistant | 3. Text consultation service | 4. Medicine discount | 5. Video consultation service | 6. Health records access,-,-,2024-01-18 15:32:38,Active,
Consultation,PKG2571945,PROD_160738,Family_Bronze_Package_322,64350.0,Official,Monthly_Recurring,FEE767749406257758934,PFEE2140169349,-,CODE489111638850808505,Multi_Screen,3.31,3.0,Full_Package,Yes,Yes,,Other,,Province_D,Third_Party_Payment,Reverse_Order,Yes,"Partner_A,Partner_D,Partner_B",1. Health records access | 2. Video consultation service | 3. Text consultation service | 4. Appointment booking | 5. Health assessment | 6. Phone consultation service | 7. AI health assistant | 8. Medicine discount,9001483,-,2025-07-04 11:09:02,Active,
Consultation,PKG329258,PROD_352572,Premium_Platinum_Package_341,42176.0,City,Monthly_Recurring,FEE_871476,PFEE7161404428,-,CODE_898207,Small_Screen,3.12,2.93,Full_Package,No,No,,Platform_A,一级计费点,Province_C,Phone_Bill_Business_Hall,Forward_Order,No,Partner_E,1. Phone consultation service | 2. Medicine discount | 3. Health records access | 4. AI health assistant | 5. Text consultation service,-,-,2025-07-06 09:59:33,Active,
Consultation,PKG4903402,PROD_694916,Senior_Bronze_Package_201,28173.0,Official,Monthly_Recurring,FEE170279290927533584,PFEE_863934,-,CODE537102768271922711,Multi_Screen,18.0,12.0,Full_Package,No,No,,Platform_A,二级计费点,Province_A,Provincial_Reverse_Order,Reverse_Order,Yes,"Partner_B,Partner_A,Partner_E",1. Appointment booking | 2. Phone consultation service | 3. Medicine discount | 4. Video consultation service | 5. Text consultation service,"9001722,9001672,9001673,9001674,9001675,9001782",-,2025-09-26 14:48:28,Active,
Consultation,PKG9478454,PROD_182582,Family_Bronze_Package_657,16629.0,Official,Monthly_Recurring,FEE461561736148112283,PFEE8672650595,-,CODE967008294571201368,Multi_Screen,11.0,9.07,Full_Package,No,No,,Platform_A,一级计费点,Province_O,Phone_Bill_Business_Hall,Forward_Order,Yes,"Partner_E,Partner_A",1. Appointment booking | 2. Health records access | 3. Text consultation service | 4. Phone consultation service | 5. Video consultation service | 6. AI health assistant | 7. Medicine discount,-,-,2025-11-29 17:15:06,Active,
Consultation,PKG1445199,PROD_189814,Family_Bronze_Package_162,21220.0,Official,Monthly_Recurring,FEE157810174150337067,PFEE5791662169,-,CODE390849268630793265,Multi_Screen,0.0,0.0,Full_Package,No,No,,Platform_A,一级计费点,Province_L,Phone_Bill_Business_Hall,Forward_Order,No,Partner_B,1. Health records access | 2. Video consultation service | 3. Text consultation service | 4. AI health assistant | 5. Phone consultation service | 6. Appointment booking | 7. Health assessment,-,-,2025-11-25 10:44:30,Active,
Consultation,PKG688508,PROD_867460,Premium_Bronze_Package_294,18186.0,City,Monthly_Recurring,FEE_712554,PFEE6111349421,-,CODE_975467,Multi_Screen,18.0,17.0,Full_Package,No,No,,Platform_A,一级计费点,Province_C,Phone_Bill_Business_Hall,Forward_Order,No,"Partner_E,Partner_B,Partner_D",1. Health assessment | 2. Phone consultation service | 3. Appointment booking | 4. Health records access | 5. Video consultation service | 6. Medicine discount,-,-,2024-11-08 15:37:40,Active,
Consultation,PKG4335942,PROD_609597,Health_Platinum_Package_193,14573.0,Official,Monthly_Recurring,FEE651803604970,-,-,CODE615747860109,Multi_Screen,9.44,9.15,Full_Package,No,No,,Other,,Province_M,Phone_Bill_Family_App,Reverse_Order,No,Partner_C,1. Video consultation service | 2. Health records access | 3. Text consultation service,-,-,2024-05-11 18:12:33,Active,
Consultation,PKG8038374,PROD_955662,Family_Silver_Package_757,16998.0,Official,Monthly_Recurring,FEE281507579362927099,PFEE_146542,-,CODE963566173524348294,Multi_Screen,9.21,12.0,Full_Package,No,No,,Platform_A,二级计费点,Province_A,Provincial_Reverse_Order,Reverse_Order,Yes,"Partner_A,Partner_B",1. Text consultation service | 2. Medicine discount | 3. Health assessment | 4. Phone consultation service | 5. Appointment booking | 6. Video consultation service | 7. AI health assistant,"9002018,9002019,9002020,9002021,9002022",-,2025-11-07 20:38:14,Active,
Consultation,PKG331148,PROD_172574,Family_Standard_Package_121,12712.0,Official,Monthly_Recurring,FEE192362230204533858,PFEE8339176912,-,CODE160050611551821310,Small_Screen,3.25,2.98,Full_Package,No,No,,Platform_A,一级计费点,Province_C,Phone_Bill_Business_Hall,Forward_Order,Yes,Partner_A,1. AI health assistant | 2. Video consultation service | 3. Health assessment | 4. Text consultation service | 5. Phone consultation service | 6. Health records access | 7. Medicine discount | 8. Appointment booking,-,-,2025-06-04 09:59:33,Active,
Consultation,PKG8536477,PROD_897549,Health_Bronze_Package_349,8360.0,City,Monthly_Recurring,FEE_992697,PFEE_101773,-,CODE_466960,Multi_Screen,8.51,8.12,Full_Package,No,No,,Platform_A,二级计费点,Province_A,Provincial_Reverse_Order,Reverse_Order,No,"Partner_D,Partner_B,Partner_C",1. Health assessment | 2. Text consultation service | 3. AI health assistant | 4. Phone consultation service,"9002025,9002026,9002027,9002028,9002029",-,2025-10-26 20:23:58,Active,
Consultation,PKG5667265,PROD_658582,Wellness_Standard_Package_310,9206.0,City,Monthly_Recurring,FEE_294851,PFEE_645175,-,CODE_335113,Multi_Screen,8.18,11.0,Full_Package,No,No,,Platform_A,二级计费点,Province_A,Provincial_Reverse_Order,Reverse_Order,No,"Partner_B,Partner_D,Partner_A",1. AI health assistant | 2. Health assessment | 3. Text consultation service | 4. Appointment booking | 5. Medicine discount,"9002031,9002032,9002033,9002034,9002035",-,2025-11-03 20:23:58,Active,
Consultation,PKG948749,PROD_903035,Health_Standard_Package_312,7316.0,City,Monthly_Recurring,FEE_171849,PFEE3880327491,-,CODE_781725,Multi_Screen,16.0,22.0,Full_Package,No,No,,Platform_A,一级计费点,Province_C,Phone_Bill_Business_Hall,Forward_Order,No,"Partner_C,Partner_E,Partner_B",1. Health assessment | 2. Appointment booking | 3. Medicine discount | 4. Phone consultation service,-,-,2024-11-15 15:38:03,Active,
Consultation,PKG106814,PROD_231869,Basic_Silver_Package_932,4954.0,Official,Monthly_Recurring,FEE178353541908150401,PFEE6859286614,-,CODE851421961523997523,Multi_Screen,4.58,5.42,Full_Package,No,No,,Platform_A,一级计费点,Province_I,Phone_Bill_Family_App,Reverse_Order,Yes,"Partner_E,Partner_C",1. Video consultation service | 2. Health records access | 3. Health assessment | 4. Text consultation service | 5. AI health assistant,-,-,2025-11-19 10:01:24,Active,
Consultation,PKG3678638,PROD_234628,Senior_Silver_Package_436,4601.0,City,Monthly_Recurring,FEE_808011,PFEE_173372,-,CODE_142213,Multi_Screen,29.0,23.0,Full_Package,No,No,,Platform_A,二级计费点,Province_A,Provincial_Reverse_Order,Forward_Order,No,"Partner_C,Partner_E",1. Phone consultation service | 2. Text consultation service | 3. Video consultation service | 4. AI health assistant | 5. Appointment booking | 6. Medicine discount | 7. Health records access | 8. Health assessment,"9001714,9001715,9001716,9001717,9001727,9001787",-,2025-10-01 14:48:29,Active,
Consultation,PKG8090293,PROD_791798,Senior_Silver_Package_907,1.0,Official,Monthly_Recurring,FEE_346629,PFEE_796503,-,CODE_890870,Multi_Screen,13.0,10.0,Full_Package,No,No,,Other,,Province_M,Third_Party_Payment,Reverse_Order,Yes,"Partner_D,Partner_E,Partner_A",1. Health assessment | 2. Appointment booking | 3. AI health assistant,9000751,-,2025-06-11 18:38:03,Active,
Consultation,PKG6708456,PROD_598369,Basic_Gold_Package_383,0.0,Official,Monthly_Recurring,FEE_523389,PFEE_446239,-,CODE_132537,Multi_Screen,14.0,12.0,Full_Package,No,No,,Other,,Province_M,Third_Party_Payment,Reverse_Order,Yes,"Partner_D,Partner_C,Partner_A",1. Video consultation service | 2. Health assessment | 3. AI health assistant | 4. Appointment booking | 5. Text consultation service,9000753,-,2025-06-03 18:38:47,Active,
Consultation,PKG5661907,PROD_676510,Senior_Silver_Package_233,0.0,Official,Monthly_Recurring,FEE_225710,PFEE_753425,-,CODE_359295,Multi_Screen,11.0,11.0,Full_Package,No,No,,Other,,Province_M,Third_Party_Payment,Reverse_Order,Yes,"Partner_C,Partner_D",1. Appointment booking | 2. Video consultation service | 3. Text consultation service | 4. Phone consultation service,9000755,-,2025-06-08 18:39:35,Active,
Consultation,PKG3608513,PROD_273148,Basic_Bronze_Package_917,0.0,Official,Monthly_Recurring,FEE_697347,PFEE_429164,-,CODE_309044,Multi_Screen,10.0,14.0,Full_Package,No,No,,Other,,Province_M,Third_Party_Payment,Reverse_Order,Yes,Partner_E,1. Health records access | 2. Video consultation service | 3. AI health assistant,9000757,-,2025-06-03 18:40:02,Active,
Consultation,PKG4612365,PROD_377932,Wellness_Gold_Package_776,,Official,Monthly_Recurring,FEE_358175,PFEE_795612,-,CODE_979995,Multi_Screen,11.0,11.0,Full_Package,No,No,,Other,,Province_M,Third_Party_Payment,Reverse_Order,Yes,Partner_B,1. Health records access | 2. Appointment booking | 3. Phone consultation service | 4. AI health assistant | 5. Video consultation service | 6. Medicine discount | 7. Text consultation service | 8. Health assessment,9000759,-,2025-05-19 18:40:41,Active,
Consultation,PKG6647119,PROD_653306,Senior_Gold_Package_234,0.0,Official,Monthly_Recurring,FEE_707040,PFEE_989208,-,CODE_121369,Multi_Screen,12.0,15.0,Full_Package,No,No,,Other,,Province_M,Third_Party_Payment,Reverse_Order,Yes,Partner_C,1. AI health assistant | 2. Health assessment | 3. Medicine discount | 4. Video consultation service | 5. Health records access | 6. Appointment booking | 7. Phone consultation service | 8. Text consultation service,9000761,-,2025-05-16 18:41:10,Active,
Consultation,PKG2714803,PROD_736059,Health_Bronze_Package_908,0.0,Official,Monthly_Recurring,FEE_723398,PFEE_230679,-,CODE_751517,Multi_Screen,12.0,13.0,Full_Package,No,No,,Other,,Province_M,Third_Party_Payment,Reverse_Order,Yes,"Partner_E,Partner_D,Partner_B",1. Appointment booking | 2. Video consultation service | 3. Text consultation service | 4. Phone consultation service,9000763,-,2025-06-19 18:41:37,Active,
Consultation,PKG2556017,PROD_543692,Senior_Silver_Package_702,,Official,Monthly_Recurring,FEE_141672,PFEE_854717,-,CODE_259784,Multi_Screen,15.0,11.0,Full_Package,No,No,,Other,,Province_M,Third_Party_Payment,Reverse_Order,Yes,Partner_B,1. Phone consultation service | 2. Video consultation service | 3. AI health assistant | 4. Health assessment | 5. Medicine discount,9000765,-,2025-05-17 18:42:10,Active,
Consultation,PKG7374122,PROD_322086,Care_Gold_Package_278,,Official,Monthly_Recurring,FEE_749468,PFEE_414910,-,CODE_350132,Multi_Screen,11.0,15.0,Full_Package,No,No,,Other,,Province_M,Third_Party_Payment,Reverse_Order,Yes,"Partner_B,Partner_D",1. Phone consultation service | 2. Appointment booking | 3. Health assessment,9000767,-,2025-05-21 18:42:39,Active,
Consultation,PKG201414,PROD_665492,Care_Gold_Package_229,3261.0,City,Monthly_Recurring,FEE_185965,PFEE7473041886,-,CODE_232352,Small_Screen,3.43,2.75,Full_Package,No,No,,Platform_A,一级计费点,Province_C,Phone_Bill_Business_Hall,Forward_Order,No,"Partner_B,Partner_D,Partner_C",1. Video consultation service | 2. Health records access | 3. Medicine discount | 4. Appointment booking | 5. Phone consultation service | 6. Text consultation service | 7. AI health assistant,-,-,2025-07-27 09:59:33,Active,
Consultation,PKG7022674,PROD_891952,Family_Platinum_Package_638,2685.0,City,Monthly_Recurring,FEE_539589,PFEE8159250505,-,CODE_596564,Multi_Screen,13.0,16.0,Full_Package,No,No,,Platform_A,一级计费点,Province_C,Phone_Bill_Business_Hall,Forward_Order,No,"Partner_C,Partner_E,Partner_B",1. Appointment booking | 2. Video consultation service | 3. Medicine discount | 4. Text consultation service | 5. Phone consultation service,-,-,2024-06-07 14:03:54,Active,
Consultation,PKG988662,PROD_865388,Health_Plus_Package_165,2568.0,City,Monthly_Recurring,FEE_789305,PFEE6695912196,-,CODE_801978,Small_Screen,4.13,4.83,Full_Package,No,No,,Platform_A,一级计费点,Province_C,Phone_Bill_Business_Hall,Forward_Order,No,"Partner_D,Partner_E,Partner_A",1. Appointment booking | 2. Phone consultation service | 3. Health records access | 4. Video consultation service | 5. Text consultation service | 6. Medicine discount | 7. Health assessment,-,-,2025-07-30 09:59:34,Active,
Consultation,PKG460663,PROD_823378,Premium_Platinum_Package_896,1550.0,City,Monthly_Recurring,FEE_712024,PFEE8289454630,-,CODE_219946,Small_Screen,4.98,4.96,Full_Package,No,No,,Platform_A,一级计费点,Province_C,Phone_Bill_Business_Hall,Forward_Order,No,"Partner_C,Partner_B,Partner_A",1. AI health assistant | 2. Video consultation service | 3. Health records access | 4. Health assessment | 5. Text consultation service | 6. Phone consultation service,-,-,2025-06-26 09:59:34,Active,
Monitoring,PKG5437923,PROD_310922,Care_Standard_Package_707,1018.0,Official,Monthly_Recurring,FEE673658281523,PFEE239820136955,-,CODE612037258811,Multi_Screen,0.0,0.0,Full_Package,No,No,,Other,,Province_M,Third_Party_Payment,Reverse_Order,No,"Partner_E,Partner_D,Partner_A",1. Video consultation service | 2. Text consultation service | 3. AI health assistant | 4. Appointment booking | 5. Phone consultation service | 6. Medicine discount | 7. Health records access | 8. Health assessment,-,-,2024-07-07 09:39:00,Active,
Consultation,PKG1728977,PROD_847581,Health_Platinum_Package_615,953.0,Official,Monthly_Recurring,FEE324458279522,PFEE560385447606,-,CODE382177053424,Multi_Screen,12.0,12.0,Full_Package,No,No,,Other,,Province_M,Third_Party_Payment,Reverse_Order,Yes,"Partner_A,Partner_E,Partner_D",1. Video consultation service | 2. Text consultation service | 3. Medicine discount | 4. Appointment booking,9001385,-,2025-10-04 18:53:32,Active,
Consultation,PKG8707870,PROD_426858,Wellness_Standard_Package_144,943.0,Official,Monthly_Recurring,FEE_802258,PFEE_797229,-,CODE_904150,Multi_Screen,11.0,9.83,Full_Package,No,No,,Other,,Province_M,Third_Party_Payment,Reverse_Order,No,"Partner_A,Partner_E,Partner_B",1. Text consultation service | 2. Appointment booking | 3. Health records access | 4. Health assessment | 5. Medicine discount | 6. AI health assistant | 7. Video consultation service | 8. Phone consultation service,-,-,2025-01-23 22:56:51,Active,
Consultation,PKG9996414,PROD_518373,Family_Plus_Package_633,532.0,Official,Monthly_Recurring,FEE462229337138157709,PFEE9333798503,-,CODE293447712303081991,Multi_Screen,17.0,17.0,Full_Package,No,No,,Platform_A,一级计费点,Province_C,Phone_Bill_Business_Hall,Forward_Order,No,Partner_B,1. AI health assistant | 2. Video consultation service | 3. Text consultation service,-,-,2025-07-14 09:59:34,Active,
Consultation,PKG3094235,PROD_804314,Care_Platinum_Package_758,510.0,City,Monthly_Recurring,FEE_350280,PFEE_810219,-,CODE_735324,Multi_Screen,28.0,22.0,Full_Package,No,No,,Platform_A,二级计费点,Province_A,Provincial_Reverse_Order,Forward_Order,No,Partner_B,1. Video consultation service | 2. Appointment booking | 3. Phone consultation service | 4. AI health assistant,"9001709,9001710,9001711,9001712,9001726,9001786",-,2025-11-17 14:51:03,Active,
Consultation,PKG7350753,PROD_781446,Health_Gold_Package_590,336.0,Official,Monthly_Recurring,FEE556310014001238033,PFEE7739255769,-,CODE928209503361568319,Multi_Screen,5.9,5.2,Full_Package,Yes,Yes,,Platform_A,一级计费点,Province_I,Phone_Bill_Business_Hall,Forward_Order,Yes,Partner_B,1. Medicine discount | 2. AI health assistant | 3. Health assessment | 4. Appointment booking | 5. Health records access,9001572,-,2025-11-01 19:00:13,Active,
Consultation,PKG2322047,PROD_491559,Senior_Platinum_Package_536,241.0,Official,Monthly_Recurring,FEE874406101796994341,PFEE4580822352,-,CODE996732985134548651,Multi_Screen,6.67,8.79,Full_Package,Yes,Yes,,Other,,Province_D,Third_Party_Payment,Reverse_Order,Yes,"Partner_D,Partner_C,Partner_A",1. Video consultation service | 2. Appointment booking | 3. Health records access | 4. Phone consultation service | 5. Text consultation service,"9001480,9001481",-,2025-07-08 11:07:16,Active,
Consultation,PKG678856,PROD_559381,Family_Gold_Package_602,326.0,Official,Monthly_Recurring,FEE445873083464124968,PFEE6600100279,-,CODE288809119493109952,Small_Screen,4.5,4.27,Full_Package,No,No,,Platform_A,一级计费点,Province_C,Phone_Bill_Business_Hall,Forward_Order,Yes,"Partner_E,Partner_D,Partner_C",1. Video consultation service | 2. Appointment booking | 3. Health records access | 4. Text consultation service | 5. Medicine discount,-,-,2025-07-13 09:59:33,Active,
Consultation,PKG5918715,PROD_642717,Family_Platinum_Package_175,177.0,Official,Monthly_Recurring,FEE464527482831678325,PFEE6197695041,-,CODE458603462389788876,Multi_Screen,8.19,6.62,Full_Package,No,No,,Platform_A,一级计费点,Province_I,Phone_Bill_Family_App,Reverse_Order,Yes,"Partner_A,Partner_E",1. Health records access | 2. Health assessment | 3. Appointment booking,9001570,-,2025-11-22 18:58:32,Active,
Consultation,PKG7067228,PROD_573417,Health_Bronze_Package_722,0.0,Official,Monthly_Recurring,FEE_888387,PFEE_923927,-,CODE_213349,Multi_Screen,9.66,11.0,Full_Package,No,No,,Other,,Province_M,Third_Party_Payment,Reverse_Order,No,"Partner_E,Partner_D,Partner_A",1. AI health assistant | 2. Health assessment | 3. Text consultation service | 4. Phone consultation service | 5. Appointment booking | 6. Health records access | 7. Medicine discount | 8. Video consultation service,-,-,2025-05-15 18:44:50,Active,
Consultation,PKG4226067,PROD_226882,Wellness_Gold_Package_229,147.0,Official,Monthly_Recurring,FEE183636520649246811,PFEE_708158,-,CODE129605203466825429,Multi_Screen,26.0,29.0,Full_Package,No,No,,Platform_A,二级计费点,Province_A,Provincial_Reverse_Order,Forward_Order,Yes,Partner_E,1. Medicine discount | 2. Appointment booking | 3. Video consultation service | 4. Health assessment | 5. Health records access | 6. Phone consultation service | 7. AI health assistant,"9001704,9001705,9001706,9001707,9001725,9001785",-,2025-09-30 14:48:28,Active,
Consultation,PKG2166941,PROD_359947,Care_Standard_Package_748,124.0,Official,Monthly_Recurring,FEE628367228981247859,PFEE6679017210,-,CODE459662218918988982,Multi_Screen,16.0,14.0,Full_Package,No,No,,Platform_A,一级计费点,Province_C,Phone_Bill_Business_Hall,Forward_Order,No,"Partner_C,Partner_E,Partner_A",1. Medicine discount | 2. Text consultation service | 3. Video consultation service | 4. Health records access | 5. Appointment booking | 6. Health assessment | 7. Phone consultation service,-,-,2025-06-13 09:59:34,Active,
Consultation,PKG1768805,PROD_335612,Basic_Standard_Package_829,83.0,Official,Monthly_Recurring,FEE_751332,PFEE_563246,-,CODE_703766,Multi_Screen,11.0,11.0,Full_Package,No,No,,Other,,Province_M,Third_Party_Payment,Reverse_Order,No,"Partner_D,Partner_B,Partner_A",1. AI health assistant | 2. Medicine discount | 3. Health records access | 4. Health assessment | 5. Phone consultation service,-,-,2025-01-14 22:57:02,Active,
Consultation,PKG4823498,PROD_167136,Care_Platinum_Package_711,68.0,Official,Monthly_Recurring,FEE749087476746073538,PFEE5659161352,-,CODE532699465058144418,Multi_Screen,14.0,14.0,Full_Package,No,No,,Platform_A,一级计费点,Province_I,Phone_Bill_Family_App,Forward_Order,Yes,Partner_E,1. AI health assistant | 2. Text consultation service | 3. Health assessment | 4. Video consultation service | 5. Appointment booking | 6. Health records access | 7. Phone consultation service | 8. Medicine discount,"9001507,9001566",-,2025-10-23 18:56:49,Active,
Consultation,PKG5855124,PROD_454508,Basic_Bronze_Package_564,87.0,City,Monthly_Recurring,FEE_204837,PFEE2439622619,-,CODE_515922,Multi_Screen,23.0,16.0,Full_Package,No,No,,Platform_A,一级计费点,Province_C,Phone_Bill_Business_Hall,Forward_Order,No,Partner_B,1. Video consultation service | 2. AI health assistant | 3. Health records access | 4. Health assessment | 5. Text consultation service | 6. Medicine discount | 7. Appointment booking | 8. Phone consultation service,-,-,2024-05-13 14:05:49,Active,
Consultation,PKG183667,PROD_122056,Basic_Standard_Package_540,63.0,Official,Monthly_Recurring,FEE719850264588924640,PFEE4226113732,-,CODE924355831901599621,Multi_Screen,9.19,11.0,Full_Package,No,No,,Platform_A,一级计费点,Province_C,Phone_Bill_Business_Hall,Forward_Order,Yes,Partner_E,1. AI health assistant | 2. Video consultation service | 3. Phone consultation service | 4. Appointment booking,-,-,2024-04-15 22:19:24,Active,
Consultation,PKG996865,PROD_716886,Health_Plus_Package_217,41.0,Official,Monthly_Recurring,FEE683245341257713643,PFEE8184602688,-,CODE187617969345379721,Multi_Screen,8.28,9.08,Full_Package,No,No,,Platform_A,一级计费点,Province_I,Phone_Bill_Family_App,Reverse_Order,Yes,"Partner_C,Partner_E,Partner_B",1. Health records access | 2. Text consultation service | 3. Health assessment | 4. Medicine discount,-,-,2025-11-16 10:01:24,Active,
Consultation,PKG344098,PROD_680828,Senior_Plus_Package_766,50.0,Official,Monthly_Recurring,FEE242872947887,PFEE985728087295,-,CODE858457285044,Multi_Screen,9.72,10.0,Full_Package,No,No,,Other,,Province_M,Third_Party_Payment,Reverse_Order,Yes,"Partner_A,Partner_C",1. Text consultation service | 2. Health records access | 3. Health assessment,-,-,2025-10-13 19:08:38,Active,
Consultation,PKG2694522,PROD_341292,Senior_Standard_Package_838,28.0,City,Monthly_Recurring,FEE_465962,PFEE1855256552,-,CODE_970917,Multi_Screen,15.0,16.0,Full_Package,No,No,,Platform_A,一级计费点,Province_C,Phone_Bill_Business_Hall,Forward_Order,No,"Partner_D,Partner_B",1. Health records access | 2. Health assessment | 3. Video consultation service | 4. Medicine discount | 5. Phone consultation service,-,-,2024-06-02 14:04:07,Active,
Consultation,PKG7377459,PROD_717024,Senior_Silver_Package_540,22.0,City,Monthly_Recurring,FEE_172132,PFEE1104906255,-,CODE_757711,Multi_Screen,16.0,23.0,Full_Package,No,No,,Platform_A,一级计费点,Province_C,Phone_Bill_Business_Hall,Forward_Order,No,"Partner_B,Partner_C,Partner_D",1. Health records access | 2. Health assessment | 3. Text consultation service | 4. AI health assistant | 5. Phone consultation service | 6. Video consultation service | 7. Medicine discount,-,-,2024-04-10 14:05:32,Active,
Consultation,PKG5663623,PROD_330914,Premium_Silver_Package_523,15.0,Official,Monthly_Recurring,FEE381640757634783939,PFEE5607762160,-,CODE217484201450365073,Multi_Screen,3.55,2.94,Full_Package,Yes,Yes,,Platform_A,一级计费点,Province_M,Phone_Bill_Business_Hall,Forward_Order,Yes,Partner_A,1. Text consultation service | 2. Health assessment | 3. Medicine discount | 4. Appointment booking | 5. Video consultation service | 6. Phone consultation service | 7. AI health assistant | 8. Health records access,-,-,2025-11-21 17:26:41,Active,
Consultation,PKG8606962,PROD_107540,Care_Platinum_Package_508,12.0,Official,Monthly_Recurring,FEE428568096402527186,PFEE8285786023,-,CODE990609828856806800,Multi_Screen,13.0,15.0,Full_Package,No,No,,Platform_A,一级计费点,Province_C,Phone_Bill_Business_Hall,Forward_Order,Yes,Partner_D,1. Medicine discount | 2. Health records access | 3. Health assessment | 4. Phone consultation service,-,-,2024-04-11 14:03:38,Active,
Monitoring,PKG766563,PROD_174441,Premium_Plus_Package_197,10.0,Official,Monthly_Recurring,FEE581713854648,PFEE540209997973,-,CODE760068866484,Multi_Screen,17.0,14.0,Full_Package,No,No,,Other,,Province_M,Third_Party_Payment,Reverse_Order,Yes,"Partner_D,Partner_E",1. Text consultation service | 2. Appointment booking | 3. Video consultation service,-,-,2025-10-18 18:52:48,Active,
Consultation,PKG7120868,PROD_842225,Care_Platinum_Package_420,0.0,Official,Single_Purchase,FEE6075395,PFEE5093379,-,CODE3030966,Multi_Screen,3.15,3.32,Full_Package,No,No,,Product_Center,,National,Third_Party_Payment,Reverse_Order,Yes,Partner_A,1. Text consultation service | 2. Health records access | 3. Health assessment | 4. Video consultation service | 5. AI health assistant | 6. Appointment booking,-,-,2025-05-15 09:58:15,Active,
Consultation,PKG3728882,PROD_761759,Family_Bronze_Package_483,,Official,Monthly_Recurring,FEE_741390,PFEE_254739,-,CODE_934904,Multi_Screen,4.53,4.75,Full_Package,No,No,,Other,,Province_M,Third_Party_Payment,Reverse_Order,Yes,"Partner_B,Partner_A,Partner_E",1. Phone consultation service | 2. Medicine discount | 3. Appointment booking | 4. Text consultation service | 5. Health records access,9001240,-,2025-06-05 18:46:37,Active,
Consultation,PKG7210606,PROD_161733,Wellness_Plus_Package_585,0.0,Official,Monthly_Recurring,FEE_946305,PFEE_787926,-,CODE_693423,Multi_Screen,9.99,14.0,Full_Package,No,No,,Other,,Province_M,Third_Party_Payment,Reverse_Order,Yes,"Partner_C,Partner_A",1. Text consultation service | 2. Appointment booking | 3. AI health assistant | 4. Medicine discount,9001242,-,2025-06-08 18:47:04,Active,
Consultation,PKG6960453,PROD_340062,Health_Gold_Package_951,0.0,Official,Single_Purchase,FEE9874152,PFEE1093026,-,CODE1689025,Multi_Screen,4.48,5.74,Full_Package,No,No,,Product_Center,,National,Third_Party_Payment,Reverse_Order,Yes,"Partner_A,Partner_B,Partner_E",1. Phone consultation service | 2. AI health assistant | 3. Appointment booking | 4. Health records access,-,-,2025-05-23 19:20:49,Active,
Consultation,PKG4514944,PROD_170674,Health_Gold_Package_542,0.0,Official,Single_Purchase,FEE1131249,PFEE2788238,-,CODE6825112,Multi_Screen,8.17,9.54,Full_Package,No,No,,Product_Center,,National,Third_Party_Payment,Reverse_Order,Yes,"Partner_E,Partner_D,Partner_B",1. Video consultation service | 2. Text consultation service | 3. Medicine discount | 4. Health records access | 5. Appointment booking | 6. Phone consultation service,-,-,2025-05-13 10:01:58,Active,
Consultation,PKG5479144,PROD_132938,Health_Plus_Package_856,0.0,Official,Monthly_Recurring,FEE_800305,PFEE_916232,-,CODE_658623,Multi_Screen,10.0,11.0,Full_Package,No,No,,Other,,Province_M,Third_Party_Payment,Reverse_Order,Yes,Partner_A,1. Text consultation service | 2. Medicine discount | 3. Video consultation service | 4. Health records access | 5. AI health assistant | 6. Phone consultation service | 7. Health assessment,9001253,-,2025-05-27 18:47:43,Active,
Consultation,PKG2197935,PROD_446479,Care_Silver_Package_669,7.0,Official,Single_Purchase,FEE_956795,-,-,CODE_549186,Multi_Screen,0.0,0.0,Full_Package,No,No,,Other,,National,Third_Party_Payment,Reverse_Order,No,"Partner_C,Partner_A,Partner_D",1. Appointment booking | 2. AI health assistant | 3. Health assessment | 4. Medicine discount | 5. Video consultation service | 6. Health records access | 7. Phone consultation service,-,-,2025-05-07 23:23:46,Active,
Consultation,PKG3871230,PROD_174299,Health_Standard_Package_675,,Test,Monthly_Recurring,FEE_681542,-,-,CODE_793655,Multi_Screen,0.01,0.01,Full_Package,No,No,,Other,,National,Phone_Bill_Business_Hall,Forward_Order,No,"Partner_A,Partner_B",1. Phone consultation service | 2. Health assessment | 3. Appointment booking | 4. Medicine discount | 5. Text consultation service | 6. Video consultation service | 7. Health records access | 8. AI health assistant,-,-,2025-05-21 16:33:13,Active,
Consultation,PKG9961380,PROD_639131,Basic_Bronze_Package_786,9.0,Official,Monthly_Recurring,FEE_413921,PFEE_545798,-,CODE_488571,Multi_Screen,22.0,23.0,Full_Package,No,No,,Other,,Province_M,Third_Party_Payment,Reverse_Order,No,"Partner_B,Partner_D,Partner_A",1. Video consultation service | 2. Appointment booking | 3. AI health assistant | 4. Medicine discount | 5. Phone consultation service | 6. Health assessment,-,-,2024-12-25 22:56:57,Active,
Consultation,PKG5107245,PROD_349565,Health_Platinum_Package_462,9.0,Official,Monthly_Recurring,FEE864835118509953118,PFEE1939915527,-,CODE683333073935345161,Small_Screen,2.96,2.89,Full_Package,No,No,,Platform_A,一级计费点,Province_L,Phone_Bill_Family_App,Reverse_Order,Yes,"Partner_B,Partner_E",1. Text consultation service | 2. AI health assistant | 3. Health records access | 4. Phone consultation service,9001163,-,2025-11-04 16:02:09,Active,
Consultation,PKG3741438,PROD_392004,Senior_Plus_Package_868,4.0,Official,Monthly_Recurring,FEE254827115161513413,PFEE669924601388,-,CODE493412762212328716,Multi_Screen,8.13,9.27,Full_Package,Yes,Yes,,Platform_A,二级计费点,Province_D,Phone_Bill_Business_Hall,Forward_Order,No,"Partner_D,Partner_C,Partner_B",1. Medicine discount | 2. Appointment booking | 3. Video consultation service | 4. Text consultation service | 5. Phone consultation service,-,-,2025-08-31 11:55:26,Active,
Consultation,PKG8755439,PROD_801474,Premium_Plus_Package_152,4.0,Official,Monthly_Recurring,FEE_377312,PFEE_587115,-,CODE_113266,Multi_Screen,2.75,0.0,Full_Package,No,No,,Other,,Province_I,Third_Party_Payment,Reverse_Order,Yes,"Partner_B,Partner_A,Partner_C",1. Medicine discount | 2. Phone consultation service | 3. Health records access | 4. Text consultation service | 5. Video consultation service | 6. AI health assistant | 7. Health assessment | 8. Appointment booking,9001576,-,2025-09-18 11:31:20,Active,
Consultation,PKG7366205,PROD_608993,Care_Standard_Package_419,0.0,Official,Single_Purchase,FEE_221035,-,-,CODE_990844,Multi_Screen,7.3,7.91,Full_Package,Yes,Yes,,Other,,National,Third_Party_Payment,Reverse_Order,No,"Partner_C,Partner_A,Partner_D",1. Health records access | 2. Appointment booking | 3. Medicine discount | 4. Video consultation service,-,-,2025-05-09 14:10:22,Active,
Consultation,PKG5528972,PROD_324643,Care_Gold_Package_691,0.0,Official,Single_Purchase,FEE_212235,-,-,CODE_540463,Multi_Screen,27.0,28.0,Full_Package,Yes,Yes,,Other,,National,Third_Party_Payment,Reverse_Order,No,"Partner_B,Partner_A",1. Phone consultation service | 2. Video consultation service | 3. Health records access,-,-,2025-05-17 14:10:24,Active,
Consultation,PKG4684531,PROD_665427,Basic_Silver_Package_258,0.0,Official,Single_Purchase,FEE_878480,-,-,CODE_962276,Multi_Screen,80.0,91.0,Full_Package,Yes,Yes,,Other,,National,Third_Party_Payment,Reverse_Order,No,"Partner_E,Partner_D",1. Medicine discount | 2. Health records access | 3. Phone consultation service | 4. AI health assistant | 5. Health assessment | 6. Text consultation service | 7. Video consultation service,-,-,2025-05-12 14:10:26,Active,
Consultation,PKG6440561,PROD_238739,Family_Platinum_Package_329,0.0,Official,Single_Purchase,,-,-,-,Multi_Screen,0.0,0.0,Full_Package,No,No,,Other,,Province_H,Third_Party_Payment,Reverse_Order,No,"Partner_A,Partner_C",1. Medicine discount | 2. Health records access | 3. Text consultation service | 4. Health assessment | 5. Phone consultation service | 6. Appointment booking,-,-,2025-07-03 17:14:17,Active,
Consultation,PKG1938483,PROD_858490,Senior_Gold_Package_458,2.0,Official,Monthly_Recurring,FEE279219238062395543,PFEE9805620900,-,CODE221678031918849005,Multi_Screen,18.0,24.0,Full_Package,No,No,,Platform_A,一级计费点,Province_C,Phone_Bill_Business_Hall,Forward_Order,Yes,"Partner_D,Partner_B",1. Medicine discount | 2. Health assessment | 3. Video consultation service | 4. Health records access | 5. Phone consultation service | 6. Appointment booking,-,-,2024-06-05 14:05:08,Active,
Consultation,PKG4842788,PROD_698782,Senior_Standard_Package_476,3.0,Official,Monthly_Recurring,FEE424842864690896089,PFEE236787563047,-,CODE832779735024163565,Multi_Screen,9.06,11.0,Full_Package,Yes,Yes,,Platform_A,二级计费点,Province_D,Phone_Bill_Business_Hall,Forward_Order,No,"Partner_E,Partner_D",1. AI health assistant | 2. Health assessment | 3. Phone consultation service | 4. Text consultation service | 5. Health records access | 6. Appointment booking,-,-,2025-09-17 11:56:11,Active,
Consultation,PKG1538552,PROD_704201,Health_Bronze_Package_687,3.0,Official,Monthly_Recurring,FEE342839454968324267,PFEE_578634,-,CODE915471350678387285,Multi_Screen,17.0,16.0,Full_Package,Yes,Yes,,Other,,Province_I,Third_Party_Payment,Reverse_Order,Yes,"Partner_B,Partner_D",1. Health records access | 2. AI health assistant | 3. Text consultation service | 4. Health assessment | 5. Phone consultation service | 6. Medicine discount | 7. Video consultation service | 8. Appointment booking,"9001510,9001567",-,2025-11-15 19:01:33,Active,
Consultation,PKG944151,PROD_595631,Wellness_Platinum_Package_965,2.0,Official,Monthly_Recurring,FEE495314058635865767,PFEE8995059760,-,CODE602082493603278222,Small_Screen,3.11,2.58,Full_Package,No,No,,Platform_A,一级计费点,National,Phone_Bill_Family_App,Reverse_Order,No,Partner_E,1. AI health assistant | 2. Video consultation service | 3. Text consultation service | 4. Health assessment,-,-,2025-10-27 16:51:15,Active,
Consultation,PKG6292423,PROD_354801,Basic_Standard_Package_728,1.0,Official,Monthly_Recurring,FEE892630223871865867,PFEE_571932,-,CODE946008382251290569,Multi_Screen,3.36,3.56,Full_Package,No,No,,Other,,Province_I,Third_Party_Payment,Reverse_Order,Yes,"Partner_B,Partner_A",1. Text consultation service | 2. Video consultation service | 3. Appointment booking | 4. AI health assistant,9001569,-,2025-09-30 19:01:49,Active,
Consultation,PKG7730428,PROD_922733,Family_Plus_Package_670,1.0,Official,Monthly_Recurring,FEE682696972936573670,PFEE_371782,-,CODE411383800313831577,Multi_Screen,7.03,6.8,Full_Package,Yes,Yes,,Other,,Province_I,Third_Party_Payment,Reverse_Order,Yes,Partner_C,1. Appointment booking | 2. Phone consultation service | 3. AI health assistant | 4. Text consultation service | 5. Medicine discount | 6. Video consultation service,9001571,-,2025-11-18 18:57:11,Active,
Consultation,PKG5491946,PROD_595948,Health_Standard_Package_773,1.0,Official,Monthly_Recurring,FEE389523090391592032,PFEE_888295,-,CODE720471118631538710,Multi_Screen,4.23,5.93,Full_Package,No,No,,Other,,Province_I,Third_Party_Payment,Reverse_Order,Yes,Partner_D,1. AI health assistant | 2. Medicine discount | 3. Health assessment | 4. Health records access,9001573,-,2025-11-09 19:00:34,Active,
Consultation,PKG2110460,PROD_946721,Senior_Plus_Package_373,2.0,Official,Monthly_Recurring,FEE158567139754918080,PFEE_359249,-,CODE657434673279461091,Multi_Screen,26.0,27.0,Full_Package,Yes,Yes,,Other,,Province_I,Third_Party_Payment,Reverse_Order,Yes,"Partner_B,Partner_D,Partner_E",1. AI health assistant | 2. Video consultation service | 3. Appointment booking | 4. Health assessment | 5. Medicine discount,"9001521,9001522,9001575",-,2025-10-24 19:01:08,Active,
Monitoring,PKG321231,PROD_526833,Health_Silver_Package_379,1.0,Official,Monthly_Recurring,FEE796181120841,PFEE803686852877,-,CODE578737987515,Multi_Screen,8.6,8.4,Full_Package,No,No,,Other,,Province_M,Third_Party_Payment,Reverse_Order,Yes,"Partner_A,Partner_E",1. Health assessment | 2. Medicine discount | 3. Text consultation service | 4. Video consultation service,-,-,2025-11-07 18:53:08,Active,
Monitoring,PKG6279418,PROD_299659,Family_Bronze_Package_447,0.0,Official,Monthly_Recurring,FEE148432972787,PFEE943004633186,-,CODE906705387446,Multi_Screen,0.0,0.0,Full_Package,No,No,,Other,一级计费点,Province_M,Third_Party_Payment,Reverse_Order,No,Partner_C,1. Medicine discount | 2. Health assessment | 3. AI health assistant,-,-,2024-08-01 09:39:00,Active,
Consultation,PKG4567281,PROD_198907,Care_Gold_Package_285,1.0,Official,Monthly_Recurring,FEE484564504046362318,PFEE6322520473,-,CODE409438991628528296,Small_Screen,7.25,9.1,Full_Package,No,No,,Platform_A,一级计费点,Province_M,Phone_Bill_Family_App,Reverse_Order,Yes,"Partner_C,Partner_E",1. AI health assistant | 2. Text consultation service | 3. Medicine discount | 4. Video consultation service | 5. Health records access | 6. Phone consultation service | 7. Health assessment | 8. Appointment booking,-,-,2025-12-18 16:16:10,Active,
Consultation,PKG9375710,PROD_201639,Senior_Silver_Package_679,1.0,Official,Monthly_Recurring,FEE250824797887533517,PFEE2889238423,-,CODE199915520438133052,Small_Screen,4.28,4.2,Full_Package,No,No,,Platform_A,一级计费点,Province_M,Phone_Bill_Family_App,Reverse_Order,Yes,Partner_B,1. Health records access | 2. Appointment booking | 3. Health assessment | 4. Text consultation service | 5. Video consultation service | 6. Phone consultation service | 7. AI health assistant | 8. Medicine discount,-,-,2025-11-24 18:46:42,Active,
Consultation,PKG7637601,PROD_790993,Family_Platinum_Package_171,1.0,Official,Monthly_Recurring,FEE277218748445,PFEE416597264475,-,CODE368224152205,Multi_Screen,9.89,14.0,Full_Package,No,No,,Other,,Province_M,Third_Party_Payment,Reverse_Order,Yes,Partner_B,1. Medicine discount | 2. Video consultation service | 3. Health assessment | 4. AI health assistant | 5. Health records access,9001383,-,2025-11-24 18:54:27,Active,
Consultation,PKG8698256,PROD_551989,Wellness_Plus_Package_748,1.0,Official,Monthly_Recurring,FEE_877236,PFEE_345884,-,CODE_886931,Multi_Screen,11.0,8.06,Full_Package,No,No,,Other,,Province_C,Third_Party_Payment,Reverse_Order,No,"Partner_D,Partner_E",1. Medicine discount | 2. Appointment booking | 3. AI health assistant | 4. Health records access | 5. Video consultation service | 6. Health assessment | 7. Text consultation service,-,-,2025-06-29 14:28:47,Active,
Consultation,PKG3396987,PROD_471507,Health_Gold_Package_864,,Official,Monthly_Recurring,FEE_563298,-,-,CODE_587282,Multi_Screen,0.0,0.0,Full_Package,No,No,,Other,,Province_C,Phone_Bill_Business_Hall,Forward_Order,No,Partner_A,1. Health records access | 2. Appointment booking | 3. Text consultation service | 4. Medicine discount | 5. AI health assistant | 6. Video consultation service,-,-,2025-08-06 18:43:31,Active,
Consultation,PKG5443951,PROD_544154,Basic_Silver_Package_485,25097.0,Official,Single_Purchase,FEE913579177461214617,PFEE6461974809,-,CODE803664547753470614,Multi_Screen,5.19,4.29,Full_Package,No,No,,Platform_A,一级计费点,Province_A,Phone_Bill_Business_Hall,Forward_Order,No,Partner_C,1. Appointment booking | 2. Medicine discount | 3. Video consultation service | 4. Health records access,9001997,-,2025-11-01 19:01:05,Active,
Consultation,PKG3342608,PROD_531071,Premium_Platinum_Package_449,1.0,Official,Monthly_Recurring,FEE746681592529216457,PFEE3319936135,-,CODE536944918725682766,Multi_Screen,0.0,0.0,Full_Package,No,No,,Platform_A,一级计费点,Province_K,Phone_Bill_Business_Hall,Forward_Order,No,"Partner_A,Partner_C,Partner_B",1. Text consultation service | 2. Health records access | 3. AI health assistant,-,-,2025-10-03 10:44:33,Active,
Monitoring,PKG5137722,PROD_589710,Wellness_Bronze_Package_419,,Official,Monthly_Recurring,FEE220300615334,PFEE263803069319,-,CODE131509583569,Multi_Screen,11.0,11.0,Full_Package,No,No,,Other,,Province_M,Third_Party_Payment,Reverse_Order,No,Partner_C,1. AI health assistant | 2. Phone consultation service | 3. Medicine discount | 4. Health records access | 5. Appointment booking | 6. Health assessment,-,-,2024-06-19 09:39:00,Active,
Consultation,PKG5408072,PROD_864491,Family_Bronze_Package_895,,Official,Monthly_Recurring,FEE_178898,PFEE_342495,-,CODE_618317,Multi_Screen,23.0,24.0,Full_Package,No,No,,Other,,Province_M,Third_Party_Payment,Reverse_Order,No,"Partner_D,Partner_A",1. Health records access | 2. Phone consultation service | 3. Health assessment | 4. Medicine discount | 5. Text consultation service | 6. AI health assistant | 7. Appointment booking,-,-,2025-01-18 22:56:47,Active,
Consultation,PKG8187926,PROD_156802,Basic_Standard_Package_186,,Official,Monthly_Recurring,FEE729022781755386875,PFEE1918920620,-,CODE474715825553673101,Multi_Screen,24.0,21.0,Full_Package,Yes,Yes,,Platform_A,一级计费点,Province_C,Phone_Bill_Business_Hall,Forward_Order,Yes,"Partner_E,Partner_B,Partner_C",1. AI health assistant | 2. Health records access | 3. Medicine discount | 4. Text consultation service | 5. Health assessment | 6. Video consultation service | 7. Phone consultation service,-,-,2025-06-04 09:59:35,Active,
Consultation,PKG7700828,PROD_806073,Health_Silver_Package_261,,City,Monthly_Recurring,FEE_137778,PFEE7076811348,-,CODE_290672,Multi_Screen,25.0,28.0,Full_Package,Yes,Yes,,Platform_A,一级计费点,Province_C,Phone_Bill_Business_Hall,Forward_Order,No,"Partner_B,Partner_D,Partner_A",1. Phone consultation service | 2. Health assessment | 3. Medicine discount | 4. Text consultation service | 5. Video consultation service,-,-,2025-06-30 09:59:35,Active,
Consultation,PKG7073292,PROD_785197,Senior_Standard_Package_150,,City,Monthly_Recurring,FEE_975136,PFEE7296096954,-,CODE_611233,Multi_Screen,23.0,23.0,Full_Package,Yes,Yes,,Platform_A,一级计费点,Province_C,Phone_Bill_Business_Hall,Forward_Order,No,Partner_C,1. AI health assistant | 2. Text consultation service | 3. Health records access | 4. Medicine discount | 5. Phone consultation service | 6. Appointment booking | 7. Video consultation service,-,-,2025-07-10 09:59:35,Active,
Consultation,PKG4679591,PROD_777568,Family_Gold_Package_378,,Official,Monthly_Recurring,FEE771587806979879000,PFEE323605728604,-,CODE509085327933537415,Multi_Screen,38.0,42.0,Full_Package,Yes,Yes,,Platform_A,二级计费点,Province_D,Phone_Bill_Business_Hall,Forward_Order,No,"Partner_C,Partner_D",1. AI health assistant | 2. Phone consultation service | 3. Medicine discount | 4. Health records access | 5. Health assessment | 6. Video consultation service | 7. Text consultation service,-,-,2025-06-26 10:03:33,Active,
Consultation,PKG3320821,PROD_203198,Premium_Plus_Package_534,,Official,Monthly_Recurring,FEE270740513055590626,PFEE_973349,-,CODE397860052738293214,Multi_Screen,4.54,4.79,Full_Package,Yes,Yes,,Platform_A,二级计费点,Province_A,Phone_Bill_Business_Hall,Forward_Order,Yes,Partner_A,1. Phone consultation service | 2. AI health assistant | 3. Video consultation service,9001790,-,2025-11-10 12:48:45,Active,
Consultation,PKG9548432,PROD_163556,Premium_Standard_Package_552,,Official,Single_Purchase,FEE246934681332777111,PFEE_540552,-,CODE422424278704222790,Multi_Screen,5.08,4.16,Full_Package,Yes,Yes,,Platform_A,二级计费点,Province_A,Phone_Bill_Business_Hall,Forward_Order,Yes,Partner_D,1. Health records access | 2. Health assessment | 3. Phone consultation service | 4. Appointment booking | 5. AI health assistant | 6. Medicine discount,9001822,-,2025-11-20 13:05:37,Active,
Consultation,PKG9279821,PROD_522179,Premium_Bronze_Package_320,0.0,City,Single_Purchase,FEE_143860,PFEE_508396,-,CODE_725113,Multi_Screen,4.88,4.66,Full_Package,Yes,Yes,,Platform_A,二级计费点,Province_A,Phone_Bill_Business_Hall,Forward_Order,No,"Partner_D,Partner_C",1. AI health assistant | 2. Appointment booking | 3. Health records access | 4. Video consultation service | 5. Phone consultation service | 6. Text consultation service | 7. Medicine discount,9001824,-,2025-09-29 13:05:37,Active,
Consultation,PKG2525206,PROD_863587,Senior_Standard_Package_216,0.0,City,Single_Purchase,FEE_423232,PFEE_907189,-,CODE_835244,Multi_Screen,5.2,5.35,Full_Package,Yes,Yes,,Platform_A,二级计费点,Province_A,Phone_Bill_Business_Hall,Forward_Order,No,"Partner_A,Partner_C",1. Health records access | 2. AI health assistant | 3. Health assessment | 4. Medicine discount | 5. Appointment booking | 6. Phone consultation service | 7. Video consultation service,9001826,-,2025-10-11 13:05:37,Active,
Consultation,PKG1790481,PROD_455784,Care_Platinum_Package_213,,Official,Single_Purchase,FEE342201754343137990,PFEE_712451,-,CODE418515985337202445,Multi_Screen,12.0,10.0,Full_Package,Yes,Yes,,Platform_A,二级计费点,Province_A,Phone_Bill_Business_Hall,Forward_Order,Yes,"Partner_B,Partner_D",1. Health records access | 2. Medicine discount | 3. Text consultation service | 4. AI health assistant | 5. Health assessment | 6. Video consultation service,"9001828,9001829,9001830,9001831,9001832",-,2025-11-12 13:09:12,Active,
Consultation,PKG2839607,PROD_939482,Care_Plus_Package_794,,City,Single_Purchase,FEE_815198,PFEE_829308,-,CODE_682789,Multi_Screen,11.0,12.0,Full_Package,Yes,Yes,,Platform_A,二级计费点,Province_A,Phone_Bill_Business_Hall,Forward_Order,No,"Partner_E,Partner_B,Partner_D",1. Medicine discount | 2. AI health assistant | 3. Text consultation service | 4. Phone consultation service,"9001837,9001838,9001839,9001840,9001841",-,2025-09-28 13:09:13,Active,
Consultation,PKG3564251,PROD_214576,Basic_Platinum_Package_639,0.0,City,Single_Purchase,FEE_361650,PFEE_120480,-,CODE_110644,Multi_Screen,10.0,11.0,Full_Package,Yes,Yes,,Platform_A,二级计费点,Province_A,Phone_Bill_Business_Hall,Forward_Order,No,Partner_B,1. Medicine discount | 2. Health records access | 3. Phone consultation service | 4. Health assessment | 5. Text consultation service,"9001843,9001844,9001845,9001846,9001847",-,2025-10-21 13:09:13,Active,
Consultation,PKG3684052,PROD_360735,Family_Bronze_Package_146,,City,Monthly_Recurring,FEE_799330,PFEE_998348,-,CODE_641722,Multi_Screen,4.05,5.77,Full_Package,Yes,Yes,,Platform_A,二级计费点,Province_A,Phone_Bill_Business_Hall,Forward_Order,No,"Partner_A,Partner_D",1. Health records access | 2. Medicine discount | 3. AI health assistant | 4. Text consultation service | 5. Appointment booking | 6. Video consultation service,9001800,-,2025-10-24 12:48:45,Active,
Consultation,PKG8082668,PROD_300896,Wellness_Platinum_Package_713,,City,Monthly_Recurring,FEE_207786,PFEE_902784,-,CODE_300337,Multi_Screen,4.46,4.98,Full_Package,Yes,Yes,,Platform_A,二级计费点,Province_A,Phone_Bill_Business_Hall,Forward_Order,No,"Partner_E,Partner_D",1. Appointment booking | 2. Health assessment | 3. Text consultation service | 4. Phone consultation service | 5. Health records access | 6. Video consultation service | 7. Medicine discount,9001802,-,2025-10-10 12:48:45,Active,
Consultation,PKG2065818,PROD_299448,Health_Gold_Package_309,,Official,Monthly_Recurring,FEE999412792351305418,PFEE_703655,-,CODE378264579218914087,Multi_Screen,11.0,10.0,Full_Package,Yes,Yes,,Platform_A,二级计费点,Province_A,Phone_Bill_Business_Hall,Forward_Order,Yes,"Partner_D,Partner_C",1. Phone consultation service | 2. Text consultation service | 3. Health assessment | 4. Appointment booking | 5. Health records access | 6. Video consultation service | 7. Medicine discount | 8. AI health assistant,"9001804,9001805,9001806,9001807,9001808",-,2025-10-30 13:00:10,Active,
Consultation,PKG7455324,PROD_662336,Care_Silver_Package_885,,City,Monthly_Recurring,FEE_687080,PFEE_498858,-,CODE_855053,Multi_Screen,11.0,10.0,Full_Package,Yes,Yes,,Platform_A,二级计费点,Province_A,Phone_Bill_Business_Hall,Forward_Order,No,"Partner_E,Partner_B",1. Medicine discount | 2. Phone consultation service | 3. Video consultation service | 4. AI health assistant | 5. Appointment booking | 6. Health records access | 7. Text consultation service,"9001810,9001811,9001812,9001813,9001814",-,2025-10-09 13:00:11,Active,
Consultation,PKG7402509,PROD_570405,Wellness_Bronze_Package_396,,City,Monthly_Recurring,FEE_526117,PFEE_600149,-,CODE_526170,Multi_Screen,10.0,8.94,Full_Package,Yes,Yes,,Platform_A,二级计费点,Province_A,Phone_Bill_Business_Hall,Forward_Order,No,"Partner_C,Partner_B",1. Health assessment | 2. Health records access | 3. Phone consultation service | 4. Video consultation service | 5. Medicine discount | 6. Appointment booking | 7. Text consultation service | 8. AI health assistant,"9001816,9001817,9001818,9001819,9001820",-,2025-11-13 13:00:11,Active,
Consultation,PKG8852574,PROD_246991,Care_Gold_Package_107,,Official,Monthly_Recurring,FEE815573999879152132,PFEE_106182,-,CODE740074588764729368,Multi_Screen,48.0,64.0,Full_Package,Yes,Yes,,Platform_A,二级计费点,Province_A,Phone_Bill_Business_Hall,Forward_Order,Yes,"Partner_C,Partner_B",1. Text consultation service | 2. Video consultation service | 3. Medicine discount,9001849,-,2025-11-20 13:54:51,Active,
Consultation,PKG9877065,PROD_542374,Premium_Plus_Package_540,,City,Monthly_Recurring,FEE_885884,PFEE_468845,-,CODE_894993,Multi_Screen,66.0,55.0,Full_Package,Yes,Yes,,Platform_A,二级计费点,Province_A,Phone_Bill_Business_Hall,Forward_Order,No,"Partner_C,Partner_E",1. Appointment booking | 2. Health records access | 3. Health assessment | 4. AI health assistant,9001851,-,2025-11-14 13:54:51,Active,
Consultation,PKG5218028,PROD_292401,Wellness_Silver_Package_489,,City,Monthly_Recurring,FEE_262060,PFEE_413118,-,CODE_351997,Multi_Screen,68.0,53.0,Full_Package,Yes,Yes,,Platform_A,二级计费点,Province_A,Phone_Bill_Business_Hall,Forward_Order,No,"Partner_D,Partner_B,Partner_E",1. Health assessment | 2. Appointment booking | 3. Text consultation service | 4. Health records access | 5. Medicine discount | 6. AI health assistant | 7. Video consultation service | 8. Phone consultation service,9001853,-,2025-09-29 13:54:51,Active,
Consultation,PKG1192619,PROD_392075,Basic_Plus_Package_335,,Official,Monthly_Recurring,FEE128576734178451567,PFEE_890075,-,CODE648897983036114463,Multi_Screen,185.0,151.0,Full_Package,Yes,Yes,,Platform_A,二级计费点,Province_A,Phone_Bill_Business_Hall,Forward_Order,Yes,"Partner_C,Partner_D",1. Health assessment | 2. Medicine discount | 3. Health records access | 4. Video consultation service | 5. Phone consultation service | 6. AI health assistant | 7. Appointment booking | 8. Text consultation service,"9001873,9001874,9001875,9001876,9001877",-,2025-10-04 14:06:33,Active,
Consultation,PKG2921859,PROD_585100,Basic_Standard_Package_953,,Official,Single_Purchase,FEE949201011844879507,PFEE_508930,-,CODE920698416871498851,Multi_Screen,5.53,5.96,Full_Package,Yes,Yes,,Platform_A,二级计费点,Province_A,Phone_Bill_Business_Hall,Forward_Order,Yes,"Partner_A,Partner_B",1. AI health assistant | 2. Phone consultation service | 3. Health records access | 4. Text consultation service | 5. Video consultation service | 6. Health assessment,9001912,-,2025-11-09 10:37:09,Active,
Consultation,PKG5476583,PROD_361941,Family_Bronze_Package_173,,City,Single_Purchase,FEE_448321,PFEE_994905,-,CODE_614663,Multi_Screen,4.35,5.52,Full_Package,Yes,Yes,,Platform_A,二级计费点,Province_A,Phone_Bill_Business_Hall,Forward_Order,No,"Partner_E,Partner_B,Partner_C",1. Phone consultation service | 2. Text consultation service | 3. Appointment booking | 4. Health assessment | 5. Medicine discount,9001915,-,2025-10-26 10:37:09,Active,
Consultation,PKG6707197,PROD_179046,Premium_Plus_Package_143,,City,Single_Purchase,FEE_920391,PFEE_976325,-,CODE_569945,Multi_Screen,5.04,5.41,Full_Package,Yes,Yes,,Platform_A,二级计费点,Province_A,Phone_Bill_Business_Hall,Forward_Order,No,"Partner_A,Partner_D,Partner_C",1. AI health assistant | 2. Text consultation service | 3. Phone consultation service | 4. Video consultation service,9001917,-,2025-10-22 10:37:09,Active,
Consultation,PKG2871534,PROD_564656,Premium_Gold_Package_570,,Official,Single_Purchase,FEE574672960553743145,PFEE_539375,-,CODE119880131413517843,Multi_Screen,9.77,8.4,Full_Package,Yes,Yes,,Platform_A,二级计费点,Province_A,Phone_Bill_Business_Hall,Forward_Order,Yes,Partner_D,1. Text consultation service | 2. Health records access | 3. Health assessment | 4. AI health assistant | 5. Phone consultation service,"9001923,9001921,9001922,9001920,9001919",-,2025-11-29 10:45:32,Active,
Consultation,PKG5924115,PROD_947272,Health_Bronze_Package_689,,City,Single_Purchase,FEE_941204,PFEE_664365,-,CODE_197573,Multi_Screen,9.11,8.67,Full_Package,Yes,Yes,,Platform_A,二级计费点,Province_A,Phone_Bill_Business_Hall,Forward_Order,No,"Partner_A,Partner_D",1. Health records access | 2. Appointment booking | 3. Text consultation service,"9001925,9001926,9001927,9001928,9001929",-,2025-12-05 10:44:21,Active,
Consultation,PKG8294150,PROD_997546,Premium_Standard_Package_514,,City,Single_Purchase,FEE_802448,PFEE_883826,-,CODE_408528,Multi_Screen,12.0,9.2,Full_Package,Yes,Yes,,Platform_A,二级计费点,Province_A,Phone_Bill_Business_Hall,Forward_Order,No,"Partner_D,Partner_B,Partner_C",1. Health assessment | 2. Phone consultation service | 3. Medicine discount | 4. AI health assistant | 5. Health records access | 6. Text consultation service | 7. Appointment booking,"9001931,9001932,9001933,9001934,9001935",-,2025-11-23 10:43:52,Active,
Consultation,PKG3653446,PROD_677057,Family_Plus_Package_527,,City,Monthly_Recurring,FEE_870763,PFEE_870319,-,CODE_332360,Multi_Screen,175.0,146.0,Full_Package,Yes,Yes,,Platform_A,二级计费点,Province_A,Phone_Bill_Business_Hall,Forward_Order,No,"Partner_B,Partner_C",1. Appointment booking | 2. Health records access | 3. Video consultation service,"9001880,9001881,9001882,9001883,9001879",-,2025-11-01 14:07:20,Active,
Consultation,PKG8612220,PROD_202664,Care_Gold_Package_514,,City,Monthly_Recurring,FEE_950132,PFEE_672661,-,CODE_524045,Multi_Screen,203.0,167.0,Full_Package,Yes,Yes,,Platform_A,二级计费点,Province_A,Phone_Bill_Business_Hall,Forward_Order,No,"Partner_B,Partner_D,Partner_E",1. Text consultation service | 2. Health assessment | 3. AI health assistant | 4. Phone consultation service,"9001886,9001887,9001888,9001889,9001890",-,2025-10-16 14:06:34,Active,
Consultation,PKG1054447,PROD_153045,Health_Bronze_Package_275,,Official,Monthly_Recurring,FEE407606039841727330,PFEE_938722,-,CODE380511755956319885,Multi_Screen,428.0,296.0,Full_Package,Yes,Yes,,Platform_A,二级计费点,Province_A,Phone_Bill_Business_Hall,Forward_Order,Yes,Partner_D,1. Medicine discount | 2. Health assessment | 3. Phone consultation service,"9001892,9001893,9001894,9001895,9001896",-,2025-11-01 14:12:01,Active,
Consultation,PKG5418934,PROD_783823,Senior_Standard_Package_571,,City,Monthly_Recurring,FEE_266931,PFEE_732556,-,CODE_421080,Multi_Screen,356.0,340.0,Full_Package,Yes,Yes,,Platform_A,二级计费点,Province_A,Phone_Bill_Business_Hall,Forward_Order,No,"Partner_D,Partner_E,Partner_C",1. Medicine discount | 2. Text consultation service | 3. Appointment booking | 4. AI health assistant | 5. Video consultation service | 6. Phone consultation service,"9001898,9001899,9001900,9001901,9001902",-,2025-11-03 14:12:01,Active,
Consultation,PKG9398441,PROD_666847,Senior_Plus_Package_470,,City,Monthly_Recurring,FEE_925622,PFEE_331251,-,CODE_796212,Multi_Screen,347.0,350.0,Full_Package,Yes,Yes,,Platform_A,二级计费点,Province_A,Phone_Bill_Business_Hall,Forward_Order,No,"Partner_D,Partner_A,Partner_B",1. Health records access | 2. AI health assistant | 3. Phone consultation service | 4. Video consultation service | 5. Medicine discount | 6. Appointment booking | 7. Text consultation service | 8. Health assessment,"9001904,9001905,9001906,9001907,9001908",-,2025-11-14 14:12:02,Active,
Consultation,PKG3997281,PROD_976638,Health_Platinum_Package_964,,Official,Monthly_Recurring,FEE224625771959875492,PFEE_611945,-,CODE525451615934272442,Multi_Screen,56.0,54.0,Full_Package,Yes,Yes,,Platform_A,二级计费点,Province_A,Phone_Bill_Business_Hall,Forward_Order,Yes,"Partner_E,Partner_A,Partner_D",1. Medicine discount | 2. Health records access | 3. Video consultation service | 4. Text consultation service | 5. AI health assistant | 6. Health assessment,9001937,-,2025-11-20 10:49:06,Active,
Consultation,PKG9517485,PROD_115474,Health_Silver_Package_546,,City,Monthly_Recurring,FEE_501124,PFEE_330080,-,CODE_596249,Multi_Screen,51.0,58.0,Full_Package,Yes,Yes,,Platform_A,二级计费点,Province_A,Phone_Bill_Business_Hall,Forward_Order,No,Partner_C,1. Health assessment | 2. Phone consultation service | 3. AI health assistant | 4. Appointment booking,9001940,-,2025-11-29 10:49:06,Active,
Consultation,PKG2785277,PROD_197793,Basic_Platinum_Package_636,,City,Monthly_Recurring,FEE_140605,PFEE_386193,-,CODE_680358,Multi_Screen,52.0,64.0,Full_Package,Yes,Yes,,Platform_A,二级计费点,Province_A,Phone_Bill_Business_Hall,Forward_Order,No,Partner_E,1. Health records access | 2. Health assessment | 3. AI health assistant | 4. Medicine discount | 5. Appointment booking | 6. Text consultation service,9001942,-,2025-10-28 10:49:06,Active,
Consultation,PKG6007072,PROD_890170,Health_Platinum_Package_991,,Official,Monthly_Recurring,FEE642668649090827383,PFEE_557007,-,CODE496325290704011253,Multi_Screen,9.65,8.72,Full_Package,No,No,,Platform_A,二级计费点,Province_A,Provincial_Reverse_Order,Reverse_Order,Yes,Partner_E,1. Health assessment | 2. Appointment booking | 3. Phone consultation service | 4. Medicine discount | 5. Video consultation service | 6. Text consultation service | 7. Health records access | 8. AI health assistant,"9002037,9002038,9002039,9002040,9002041",-,2025-10-23 20:37:27,Active,
Consultation,PKG9517169,PROD_989921,Care_Plus_Package_447,,City,Monthly_Recurring,FEE_333238,PFEE_609232,-,CODE_546173,Multi_Screen,9.98,8.7,Full_Package,No,No,,Platform_A,二级计费点,Province_A,Provincial_Reverse_Order,Reverse_Order,No,"Partner_D,Partner_C,Partner_B",1. Phone consultation service | 2. Video consultation service | 3. Medicine discount,"9002043,9002044,9002045,9002046,9002047",-,2025-10-27 20:23:58,Active,
Consultation,PKG4337174,PROD_347861,Wellness_Bronze_Package_897,,City,Monthly_Recurring,FEE_309267,PFEE_130434,-,CODE_882169,Multi_Screen,11.0,10.0,Full_Package,No,No,,Platform_A,二级计费点,Province_A,Provincial_Reverse_Order,Reverse_Order,No,Partner_A,1. Health assessment | 2. Medicine discount | 3. Appointment booking | 4. Phone consultation service | 5. Health records access | 6. AI health assistant | 7. Text consultation service,"9002049,9002050,9002051,9002052,9002053",-,2025-12-03 20:23:58,Active,
Consultation,PKG3564217,PROD_274389,Wellness_Gold_Package_622,,Official,Monthly_Recurring,FEE503128716166065876,PFEE_507746,-,CODE481376403710820941,Multi_Screen,9.6,9.53,Full_Package,No,No,,Platform_A,二级计费点,Province_A,Provincial_Reverse_Order,Reverse_Order,Yes,Partner_C,1. Health assessment | 2. Health records access | 3. Medicine discount,"9002055,9002056,9002057,9002058,9002059",-,2025-10-17 20:36:33,Active,
Consultation,PKG7273233,PROD_526156,Family_Gold_Package_643,,City,Monthly_Recurring,FEE_420015,PFEE_452457,-,CODE_468900,Multi_Screen,11.0,11.0,Full_Package,No,No,,Platform_A,二级计费点,Province_A,Provincial_Reverse_Order,Reverse_Order,No,Partner_E,1. Phone consultation service | 2. Medicine discount | 3. Health assessment | 4. Video consultation service | 5. Health records access | 6. Appointment booking,"9002061,9002062,9002063,9002064,9002065",-,2025-11-19 20:23:58,Active,
Consultation,PKG3710343,PROD_609231,Basic_Silver_Package_894,,City,Monthly_Recurring,FEE_960394,PFEE_801364,-,CODE_836996,Multi_Screen,8.15,9.99,Full_Package,No,No,,Platform_A,二级计费点,Province_A,Provincial_Reverse_Order,Reverse_Order,No,"Partner_E,Partner_B,Partner_D",1. Appointment booking | 2. Health assessment | 3. Medicine discount | 4. Video consultation service | 5. AI health assistant | 6. Text consultation service | 7. Phone consultation service,"9002067,9002068,9002069,9002070,9002071",-,2025-11-10 20:23:58,Active,
